audiocaps_id,source_audio_prompt,target_audio_prompt
103056,Water running softly in the background followed by several shrill beeps and a man speaking,"Water running softly in the background followed by several shrill beeps, a man speaking, and the sound of a book page being turned"
105133,"White noise, then a motor revving up and a tire skidding","White noise, then a motor revving up, a tire skidding, and a sudden police siren that wails briefly"
102971,A loud engine roars followed by four loud beeps.,"A loud engine roars followed by four loud beeps, with a siren wailing at a distance"
105347,A toilet flushing,"A toilet flushing, followed by a door opening"
106149,Sustained industrial engine noise,"Sustained industrial engine noise with distant, repeated clanging of metal sheets"
107108,A person snoring loudly followed by a man speaking,"A person snoring loudly, the sound of a phone vibrating on a wooden surface, followed by a man speaking"
105677,An engine running and then accelerating,An engine running and then accelerating with the chirping of birds in the background
105114,A young girl speaks with some crinkling plastic,A young girl speaks with some crinkling plastic as a clock ticks steadily in the background
107273,A woman and man talk on the phone,A woman and man talk on the phone while a clock ticks steadily
106187,"Birds are cooing, and wings flap","Birds are cooing, and wings flap as a stream bubbles gently"
106736,Dogs growling as a pig snorts while grass rustles and someone is heavily breathing,"Dogs growling as a pig snorts while grass rustles as someone walks closer through it, and someone is heavily breathing"
104102,A toilet flushes and water drains,"A toilet flushes and water drains, followed by the sound of a wooden door closing shut"
106443,Plastic tapping followed by an electronic beep then by a toy car motor revving and plastic scrapping against a wooden surface,"Plastic tapping followed by an electronic beep then by a toy car motor revving, a plastic click, and plastic scrapping against a wooden surface"
104367,Burping and laughing from girls who then speak,"Burping and laughing from girls who then speak, with a glass being placed on a wooden table"
103616,A man speaks followed by loud snoring,"A man speaks. A dog barks softly, followed by loud snoring"
102798,Several quacks of a duck are followed by a man speaking,"Several quacks of a duck are followed by a man speaking, then rustling reeds and lapping water"
103044,Buzzing and humming of a motor with a man speaking,Buzzing and humming of a motor with a man speaking and the faint rustling of papers
105386,An infant crying,An infant crying with the gentle sounds of a rocking chair creaking repeatedly
104484,A man talking followed by an idle motorbike engine running,"A man talking followed by an idle motorbike engine running, with a distant dog barking in the background"
105986,Rain and thunder,"Rain, thunder, and a distant church bell tolling"
103916,Subway train blowing its horn.,Subway train blowing its horn as approaching footsteps echo on the platform nearby
105680,An engine running and helicopter propellers spinning,"An engine running, helicopter propellers spinning, and a distant public address announcement"
104911,A whistling noise with wind blowing in the background,A whistling noise with wind blowing and gentle rain falling in the background
103208,An emergency siren wailing as a motorcycle drives by,"An emergency siren wailing as a motorcycle drives by, with a dog barking in the distance"
103422,"A woman speaks quietly, and man answers much louder, then she speaks again","A woman speaks quietly, a man answers much louder, then she speaks again, with the sound of a chair creaking quietly in the background"
106869,An aircraft accelerating as gusts of wind blow followed by fiber glass clanking while an emergency siren goes off in the background,"An aircraft accelerating as gusts of wind blow followed by fiber glass clanking while an emergency siren goes off in the background, with luggage being wheeled over pavement in the distance"
106416,An adult female is speaking and her voice is amplified,An adult female is speaking and her voice is amplified while an audience applauds gently
106567,A siren that gets louder and muffled male speech,"A siren that gets louder and muffled male speech, with heavy footsteps approaching over wet asphalt"
105097,Humming noise with clock tick-tocking,Humming noise with clock tick-tocking and a refrigerator motor cycling on
107362,A train is passing by and sound its whistle.,A train is passing by and sounds its whistle while a horse trotts nearby
105958,"Scary laughter by an adult male occurs, followed by a click and a buzz, and a baby begins crying","Scary laughter by an adult male occurs, followed by a click and a buzz, a baby begins crying, and a deep, resonant thud is heard"
104588,A kid crying as a man and woman talk while a vehicle door opens then closes,"A kid crying as a man and woman talk while a vehicle door opens then closes, with distant thunder rumbling in the background"
105666,Bells ringing repeatedly,Bells ringing repeatedly amid the sound of a large crowd cheering
106747,"Wind and rain sounds, then a man begins to talk","Wind and rain sounds with a distant car engine starting, then a man begins to talk"
105274,Men riding in the car talking then man burps loudly and then the other chuckles,"Men riding in a car talking, then one man burps loudly, a tire screeches sharply, and the other man chuckles"
104868,Men speak and laugh with humming of an engine,Men speak and laugh with humming of an engine and a door closing firmly
106648,A man is speaking with tapping noises and dishes being moved,"A man is speaking with tapping noises and dishes being moved, accompanied by a low hum of a refrigerator motor in the background"
105051,Gravely sound with women voice in background,Gravelly sound with a woman’s voice in the background and a gust of wind howling
104764,Continuous basing and rustling,Continuous basing and rustling over a low electronic hum
6223,Wind is blowing and water gurgles,"Wind is blowing, water gurgles, and distant low thunder rumbles menacingly"
104659,Humming of a distant aircraft engine,Humming of a distant aircraft engine accompanied by the soft rustle of leaves in a breeze
106295,Female speech and rubbing,"Female speech, rubbing, and a distant bell ringing"
106936,A woman heavily breathing then sneezing and then sniffling,"A woman heavily breathing then sneezing and then sniffling, followed by the sound of a tissue box being pulled from a plastic sleeve"
104620,A man talking followed by wind blowing into a microphone while insects buzz,"A man talking followed by wind blowing into a microphone while insects buzz, with a distant train passing by"
107069,A woman speaking,A woman speaking with soft classical cello music in the background
104514,A woman speaks while a crowd talks and chuckles,"A woman speaks while a crowd talks and chuckles, with the intermittent chiming of a grand clock in the distance"
102746,Water splashing followed by a woman speaking,"Water splashing, a boat engine idling, followed by a woman speaking"
103456,A woman speaks then a small child speaks,"A woman speaks, then a small child speaks, with a dog barking in the background"
103787,A person heavily breathing as wood creaks and ducks quack,"A person heavily breathing as wood creaks and ducks quack, with faint distant rhythmic waves lapping against a shore"
11560,A cat meows and hisses,A cat meows and hisses while gentle footsteps can be heard
103170,A main is smoothly speaking over a loud faint noise,A man is smoothly speaking over a loud faint noise and a telephone ringing
104656,A man talking as metal clacks followed by metal scrapping against a metal surface,"A man talking as metal clacks followed by metal scraping against a metal surface, with the faint hum of industrial machinery in the background"
106531,A person belching several times as a group of people laugh,"A person belching several times as a group of people laugh, with one individual snorting mid-laugh"
104445,A man talking as gusts of wind blow followed by an aircraft flying by,"A man talking as gusts of wind blow, a distant train whistle blows, followed by an aircraft flying by"
104269,An engine idling with light wind,An engine idling with light wind and gentle rain
106324,The voices of a man and a women talking,The voices of a man and a woman talking with a phone ringing in the background
107227,Insects buzzing as a man speaks while birds chirp and wind blows into a microphone,"Insects buzzing as a man speaks while birds chirp and wind blows into a microphone, with the intermittent sound of a distant waterfall"
103282,"A race car races, and the engine accelerates",A race car races with the engine accelerating while a crowd of fans cheers along the side of the racetrack
104679,A motor humming as wood is being scrapped and sanded,"A motor humming, wood being scrapped and sanded, and a bird chirping a quick trill"
104584,A car door opening as a crow caws and birds chirp followed by a vehicle driving by in the background,"A car door opening as a crow caws and birds chirp is followed by footsteps on gravel stepping away, then the sound of the car door closing, with a vehicle driving by in the background"
105111,A woman speaks with nearby insects buzzing,"A woman speaks with nearby insects buzzing, and a dog barks playfully in the garden"
105170,A woman speaks with flapping wings and chirping birds,"A woman speaks with flapping wings, chirping birds, and a gentle stream flowing"
106690,A woman talking followed by a bird whistling then a person whistling,A woman talking followed by a bird whistling then a person whistling and pages turning
106724,A woman speaks with chirping frogs and distant music playing,"A woman speaks with chirping frogs, distant music, and a gentle stream flowing"
104953,Race cars are racing and skidding tires,Race cars are racing and skidding tires alongside the urgent narration of a trackside commentator
103013,A man talking as a kid yells followed by an aircraft flying in the distance as wind blows into a microphone,A man talking as a kid yells followed by an aircraft flying in the distance as wind blows into a microphone with a distant crowd cheering
105271,People are communicating followed by a dog barking and a vehicle moving,"People are communicating followed by a dog barking, a vehicle moving, and a distant church bell chiming"
103115,Air spraying followed by fire igniting then audio static proceeded by pressurized air releasing before softly hissing,"Air spraying followed by fire igniting then audio static proceeded by pressurized air releasing before softly hissing, then a distant, powerful waterfall"
105804,A young male speaking,A young male speaking while typing lightly on a keyboard
105707,"Slight rustling and thumping occur, followed by a flush of water with splashing and gurgling","Slight rustling and thumping occur, followed by a flush of water with splashing and gurgling, and then a drawer sliding open"
105865,Ocean waves crashing as water trickles and splashes,"Ocean waves crashing as water trickles and splashes, with seagulls calling overhead"
103831,A crowd of people applauding and cheering,A crowd of people applauding and cheering as a marching band plays a celebratory tune
17066,Very loud explosions with pops and bursts of more explosions,"Very loud explosions with pops and bursts of more explosions, accompanied by the distant, panicked shouts of a crowd"
104837,A man gasping for air then talking followed by mumbling,"A man gasping for air then talking followed by mumbling, with a faint, repetitive thumping of a heartbeat in the background"
103207,A man talking followed by a popping burst then a man screaming proceeded by a crowd of people laughing,"A glass clinks, a man talking followed by a popping burst then a man screaming proceeded by a crowd of people laughing"
106591,Wind blows hard then a man speaks,"Wind blows hard, then a man speaks, and a distant dog barks"
104166,A man briefly talks followed by a drilling sound on wood,"A man briefly talks followed by a drilling sound on wood, with a dog barking in the background"
102957,Loud snoring followed by brief silence then speech,"Loud snoring followed by brief silence then speech, with a distant train whistle sounding afterwards"
106510,Water flowing and trickling,"Water flowing and trickling, with the distant, intermittent chime of a windbell"
105301,A vacuum cleaner is operating with wind noise,A vacuum cleaner is operating with wind noise as a person hums along nearby
105916,A baby crying and cooing,A baby crying and cooing with a gentle musical lullaby playing in the background
104129,Metal clanking and gears cranking as steam hisses,"Metal clanks, gears crank, steam hisses, and a sharp steam whistle releases"
106165,A maniacal laugh followed by a crying baby,A maniacal laugh followed by a crying baby and a distant car alarm
105881,Burping and then laughing with continuous burping,"Burping, laughing, continuous burping, and the clatter of a falling glass followed by liquid pouring out"
104583,"Emergency vehicle sirens are ongoing, and two adult males speak","Emergency vehicle sirens are ongoing, two adult males speak, and a car engine idles"
106209,Plastic thumping as a man laughs and a kid talk in the distance as wind blows into a microphone and water is splashing,"Plastic thumping as a man laughs and a kid talk in the distance as wind blows into a microphone and water is splashing, with a dog barking from a backyard"
104419,A man talking followed by a woman shouting as wind blows into a microphone and birds chirp in the background,"A man talking followed by a woman shouting as wind blows into a microphone, with birds chirping and distant church bells ringing in the background"
105801,"People talk in the background and the wind is blows gently, and two kids speak in the foreground","People talk in the background and the wind blows gently, two kids speak in the foreground, and a distant airplane rumbles overhead"
107283,Several ducks quack and chirp as men speak and wind blows,"Several ducks quack and chirp as men speak and wind blows, with the quiet sound of slow rowboat oars dipping into calm water"
106247,A bus engine running followed by a vehicle horn honking,A bus engine running followed by a vehicle horn honking and windshield wipers swishing
104127,Pigeons coo and flap their wings,Pigeons coo and flap their wings as distant church bells ring
103348,A child talking then a man speaking with bird sounds in the background,A child talking then a man speaking with bird sounds and distant thunder in the background
104309,Sheep bleating with a baby sheep baaing,Sheep bleating with a baby sheep baaing and a person walking through tall grass
105925,Speaking and an engine running,"A person speaking, a vehicle engine running, and the rotor blades of a helicopter starting up"
103982,A man talking followed by a faucet running,"A man talking followed by a faucet running, then a phone ringing briefly"
106745,A person burps loudly,A person burps loudly and then gives a light cough
103593,Sneezing followed by a ticking clock and a man speaking,"Sneezing, a ticking clock, the sound of a page turning, and a man speaking"
32630,A man speaking followed by dogs barking alongside chimps screaming and birds chirping,A man speaking followed by dogs barking alongside chimps screaming and birds chirping with gentle rain in the background
106970,A motorboat engine running as a man talks followed by wind blowing into a microphone and plastic clacking,"A motorboat engine running as a man talks, followed by wind blowing into a microphone, plastic clacking, and a gull squawking overhead"
104379,Water is trickling while a woman is speaking,"Water is trickling while a woman is speaking, with a quiet, steady clock tick in the background"
10203,"Truck in idle mode, door closing, engine revving and accelerating","Truck in idle mode, door closing, a person walking with jingling keys, engine revving and accelerating"
106758,A man speaking and another speaks over the phone,A man speaking and another speaks over the phone while an engine rumbles and turns over
105847,A rooster crowing and birds cooing,"A rooster crowing, birds cooing, and a farmer sharpening a sickle"
103744,A vehicle engine running and revving several times,A vehicle engine running and revving several times with a honking car horn
104462,A clock ticking repeatedly,"A clock ticking repeatedly with the sound of a slow, deep heartbeat"
103385,"While an electronic device plays in the background, two wolf whistles occur followed by metal thumping","While an electronic device plays in the background, two wolf whistles occur followed by metal thumping, with a distant dog barking in the distance"
104326,Clicks of weapons being loaded followed by a gunshot and a clink then a man speaks,"Clicks of weapons being loaded, a burst of static crackle, followed by a gunshot and a clink then a man speaks"
105024,A man speaks followed by a beep and a child speaks,"A man speaks, the sound of paper shuffling occurs, followed by a beep and a child speaks"
104800,Knocking sounds as race cars pass by,Knocking sounds as race cars pass by with a cheering crowd
104902,Footsteps shuffling followed by fabric slapping a hard surface as a person heavily breathes,"Footsteps shuffling followed by fabric slapping a hard surface as a person heavily breathes, with a phone buzzing on a table"
107084,A motorbike accelerating and revving as wind blows into a microphone,A motorbike accelerating and revving as wind blows into a microphone with distant rumbling thunder
8303,"A motor revs hard, a man speaks","A motor revs hard, a man speaks, and a crow loudly caws"
106482,White noise as footsteps run on concrete followed by liquid spraying and a person groaning,"White noise as footsteps run on concrete followed by liquid spraying, a person groaning, and distant police sirens"
103393,A stream of water trickling followed by water pouring down a drain,"A stream of water trickling followed by water pouring down a drain, with a bird chirping softly nearby"
105042,Someone in a crowd whistles while engines rev in cars going slowly by,"Someone in a crowd whistles while engines rev in cars going slowly by, and distant police sirens can be heard"
103850,Several cats meowing followed by a man singing in the background,Several cats meowing followed by a man singing in the background and a dog barking
105505,A woman talking followed by another woman talking as a goat is baaing,"A woman talking followed by another woman talking as a goat is baaing, with a wooden door creaking open in the background"
106201,A vehicle horn honking during a series of electronic beeps,"A vehicle horn honking during a series of electronic beeps, and a low rumble of a passing truck"
14618,Loud banging followed by chugging engine,Loud banging followed by chugging engine and a honking car horn
104249,A man speaks with chirping birds and faint buzzing of insects,"A man speaks with chirping birds, faint buzzing of insects, and a distant hammer knocking on wood"
105846,A phone dial tone playing followed by a plastic switch flipping,"A phone dial tone playing, followed by a plastic switch flipping, with a distant printer whirring in the background"
104220,Beeping with men speaking faintly in the distance with an air release,"Beeping with men speaking faintly in the distance with an air release, and a passing airplane flying overhead"
103085,A power tool drilling as music plays in the background,"A power tool drilling as music plays in the background, with the sound of a gentle coffee maker brewing"
1577,The sound of horn from a car approaching from a distance,"A car approaches from a distance, its horn sounding as rhythmic windshield wipers sweep in the background during a light rainfall"
105520,A telephone ringing,"A telephone ringing, followed by a person clearing their throat as they pick up the receiver"
104389,"A man speaks, a power tool starts and increases in frequency, a clunking noise","A man speaks, a power tool starts and increases in frequency, a clunking noise, with birds chirping faintly in the background"
103466,A man talking followed by footsteps shuffling then a loud popping explosion proceeded by a man laughing as music plays in the background,A man talking followed by footsteps shuffling then a loud popping explosion proceeded by a man laughing as a door creaks open and music plays in the background
21635,Water is flowing and dripping then suddenly something is broken and birds are communicating in the background,"Water is flowing and dripping then suddenly something is broken, a dog splashes in the stream, and birds are communicating in the background"
103090,Wind blowing followed by a distant goat bleating and women speaking,"Wind blowing, light rain falling, a distant goat bleating, and women speaking"
103821,A woman is speaking followed by a dog growling and barking,"A woman is speaking followed by a dog growling and barking, with the gentle patter of rain starting"
103318,"A loud, long explosion","A loud, long explosion followed by a chorus of people screaming in panic"
105785,An engine revving continuously,An engine revving continuously as tires squeal sharply
102872,Pigeons cooing followed by bird wings flapping as crickets chirp in the background,"Church bells ringing in the distance while pigeons coo, then bird wings flap, and crickets chirp softly"
103133,A train running on a railroad track as steam hisses and a train horn blows several times along with a railroad crossing signal ringing in the background,A train running on a railroad track as steam hisses and a train horn blows several times along with a railroad crossing signal ringing in the background while rain falls steadily
104316,An idle vehicle engine running as a man is talking,An idle vehicle engine running as a man is talking and a distant police siren wails
107406,Water flowing from a faucet with some light bangs and a man speaking,"Water flowing from a faucet with some light bangs, a man speaking, and a cat meowing nearby"
105987,A power tool drilling followed by plastic clanking,A power tool drilling followed by plastic clanking and a vehicle horn beeping
104626,An infant crying as fabric shuffles,"An infant crying as fabric shuffles, with a low, steady hum of an air conditioner in the background"
5958,A sound of vibrating motor,A sound of a vibrating motor with a steady electrical hum running in the background
105921,Male speech and then whistling,"Male speech, then whistling, and pages turning in a book"
104400,A woman whispering then talking normally after an infant cries followed by a man shouting,"A woman whispering then talking normally after an infant cries followed by a man shouting, with footsteps approaching"
104079,Food sizzling and oil popping,"Food sizzling and oil popping, accompanied by a contented sigh"
105330,Two men talking followed by plastic clacking then a power tool drilling,"Two men talking followed by plastic clacking, a distant telephone ringing, then a power tool drilling"
103695,Humming of a loud engine with a woman speaking over a loudspeaker,Humming of a loud engine with a woman speaking over a loudspeaker and a door closing
104119,An infant laughing moderately,An infant laughing moderately while a baby rattle shakes gently
106594,A man speaking as a man talks over an intercom in the background followed by a girl talking then a group of people laughing and a man and woman talk,"A man speaking as a man talks over an intercom in the background followed by a girl talking, a small bell ringing, then a group of people laughing and a man and woman talk"
102836,A motorbike engine running idle,A motorbike engine running idle with steady rain falling in the background
103748,High pitched humming with whooshes of spinning helicopter blades,High pitched humming with whooshes of spinning helicopter blades and a rhythmic thumping of a heavy rotor passing overhead
104499,Power tools make drilling sounds,Power tools make drilling sounds while footsteps crunch on gravel
106776,Faucet water pouring followed by a man talking as water gurgles down a drain,"Faucet water pouring followed by a man talking as water gurgles down a drain, with a metal bucket being placed on a tile floor"
105476,A truck driving by as a truck horn honks while a crowd of people talk in the background,"A truck driving by as a truck horn honks while a crowd of people talk in the background, with a distant police siren wailing"
106672,"Snoring is ongoing, while an adult female laugh in the foreground and an adult male speaks briefly in the background","Snoring is ongoing, while an adult female laugh in the foreground, an adult male speaks briefly in the background, and an alarm clock rings"
104033,Pigeons cooing and bird wings flapping while gravel shuffles and wood clacks,"Pigeons cooing and bird wings flapping while gravel shuffles and wood clacks, accompanied by the distant tolling of a church bell"
104593,A man talking as music plays followed by a guitar strumming as steam hisses in the background,"A man talking as music plays followed by a guitar strumming as steam hisses in the background, with a crowd applauding"
102995,Some rustling followed by a woman speaking with some groaning,"Some rustling followed by a woman speaking with some groaning, accompanied by faint rain and gentle leaf movement"
103015,A man speaks with distant traffic passing and some nearby rattling,"A man speaks with distant traffic passing and some nearby rattling, alongside faint crackling of a fireplace"
102940,Blowing of a horn as a train passes,Blowing of a horn and the sound of squealing brakes as a train passes
104077,A man speaks followed by vibrations of a power tool,"A man speaks as footsteps walk on a concrete floor, followed by vibrations of a power tool"
104347,A man speaking softly followed by a goat speaking then a cow mooing in the distance as birds chirp in the background,"A man speaking softly followed by a goat speaking then a cow mooing in the distance as birds chirp in the background, with the light crackling of a campfire"
103872,Music then sizzle of frying food while male speaks,"Music then sizzle of frying food while male speaks, with the rhythmic thunk and hiss of a knife chopping vegetables on a wooden board"
3975,"Water is splashing, people are talking","Water is splashing, people are talking, and a child is laughing in the distance"
107024,Humming of an accelerating engine with wind passing and rustling,"Humming of an accelerating engine with wind passing and rustling, accompanied by tires screeching on concrete"
103694,A man baaing followed by a goat baaing as a child and a woman talk while metal pots clank in the background,"A man baaing followed by a goat baaing as a child and a woman talk, with a soft adult woman's chuckle, while metal pots clank in the background"
106454,Ocean waves crashing and water splashing as wind blows into a microphone followed by a man talking,"Ocean waves crashing and water splashing as wind blows into a microphone, followed by a man talking and a dog barking"
102856,Men speak with some light clicks then vibrations and then digital clicks,"Men speak with some light clicks then vibrations and then digital clicks, while a distant conversation happens and a faint printer operates"
104272,A man talking as a door slams shut followed by a door creaking,A man talking as a door slams shut followed by a door creaking and a distant alarm clock ringing
105598,A fan sound and a tapping noise,"A fan sound, a tapping noise, and the intermittent buzz of a distant phone vibrating on a wooden desk"
102740,A motorboat engine running idle then accelerating as water trickles followed by water spraying,"A motorboat engine running idle, then someone clears their throat, the engine accelerates as water trickles followed by water spraying"
5206,A baby is crying,A baby is crying while a mobile softly plays gentle music
103679,A young boy talking as a duck is quacking while water trickles and frogs croak in the background,"A young boy talking as a duck is quacking while water trickles and frogs croak in the background, with a gentle wind rustling through reeds"
103620,A young woman talking as plastic crinkles and crumples,"A young woman talking as plastic crinkles and crumples, with the sound of someone stirring a cup of coffee"
103352,A man talking followed by wood being sawed followed by paper shuffling,"A man talking followed by wood being sawed, a hammer hitting a nail, and then paper shuffling"
106719,A motorbike engine running while a series of vehicle horns sound and a car alarm goes off in the background,A motorbike engine running and revving while a series of vehicle horns sound and a car alarm goes off in the background
105836,A woman yelling and laughing as ocean waves crash and a group of people shout while wind blows into a microphone,"A woman yelling and laughing as ocean waves crash and a group of people shout while wind blows into a microphone, with the gentle, deep creaking of a distant wooden sailing ship"
103753,"A bird calls in the distance occasionally, a hollow clanking sound is followed by rushing water, a double thump, and a trickling sound","A bird calls in the distance occasionally, a hollow clanking sound is followed by rushing water, a double thump, a trickling sound, and the constant rustle of a faint breeze through leaves"
103856,A woman and a child speaking,"A woman and a child speaking, with footsteps on a wooden floor"
105285,Motorcycle engine idling as man starts talking,Motorcycle engine idling as man speaks over seagull caws and traffic
103445,Scratching noises accompanied by a female voice,Scratching noises accompanied by a female voice and a chair scraping on a wooden floor
105790,Cats meowing and then wind,Cats meowing and then wind with the gentle patter of rain in the background
102848,A sewing machine running as a steam hisses followed by a machine motor sharply running in the background,"A sewing machine running as a steam hisses followed by a machine motor sharply running in the background, with the sound of fabric being quickly snipped by scissors"
104756,A vehicle door opening as a crow caws and birds chirp while vehicles drive by in the background,"A vehicle door opening as a crow caws and birds chirp while vehicles drive by in the background, with a pedestrian walking past on a gravel path"
106019,"A motor vehicle engine clicks and whirs and tries to start three times, metal clinks softly, then a deep buzz occurs","A motor vehicle engine clicks and whirs and tries to start three times, metal clinks softly, then a deep buzz occurs, and a dog barks in the distance"
104750,A duck chirping as water lightly trickles and splashes,"A duck chirping as water lightly trickles and splashes, with a gentle breeze moving through nearby reeds"
104325,Artillery cannons firing followed by a man talking as someone whistles while a group of men shout and gunshots fire in the background,"Artillery cannons firing with a distant military jet passing overhead, followed by a man talking as someone whistles while a group of men shout and gunshots fire in the background"
107175,Wind blowing with distant traffic passing and sirens ringing,"Wind blowing with distant traffic passing, sirens ringing, and a dog barking and howling"
104311,Water splashing and trickling as wind blows into a microphone followed by a man talking in the background,"Water splashing and trickling as wind blows into a microphone followed by a man talking in the background, with a distant seagull cry"
104602,A crowd of people applaud and cheer,A crowd of people applaud and cheer while a single person shouts words of encouragement
104168,Pigeons coo and flap their wings,"Pigeons coo and flap their wings with a distant urban traffic sound in the background, like cars passing"
107023,Food and oil sizzling as a man is speaking followed by wooden clanking then gravel scraping,"Food and oil sizzling as a man is speaking followed by wooden clanking then gravel scraping, with a distant train horn blowing briefly"
107382,A baby cries and a young child speaks,"The sound of a baby crying, a young child speaking, and gentle music playing from a nearby room combines"
104285,Railroad tracks clickety-clack as train horn blasts,"Railroad tracks clickety-clack as train horn blasts, with a crossing gate bell chiming rhythmically"
103910,A man speaks followed by thumps and clicks with some faint grunts,"A man speaks followed by thumps and clicks with some faint grunts, and a distant dog barks"
107065,Bubbles gurgling and water spraying as a man speaks softly while crowd of people talk in the background,Ceramic plates and cutlery are arranged while bubbles gurgle and water sprays as a man speaks softly and a crowd of people talk in the background
103589,A train running on a railroad track followed by a vehicle door closing and a man talking while a train horn is blowing and railroad crossing signals are ringing in the distance,"A train running on a railroad track with the sound of metal wheels screeching, followed by a vehicle door closing and a man talking while a train horn is blowing and railroad crossing signals are ringing in the distance"
103327,A racing vehicle driving in the distance then driving by as a crowd of people talk in the background followed by a horn honking while wind blows into a microphone,A racing vehicle driving in the distance then driving by as a crowd of people talk in the background followed by a horn honking while wind blows into a microphone and an announcement is heard over a loudspeaker
106911,A group of people screaming followed by missiles launching and loud popping explosions then a slowed down explosion,"A group of people screaming followed by missiles launching and a low-frequency, rumbling earth tremor then loud popping explosions and a slowed down explosion"
104732,A fly buzzing and a frog croaking with musical sounds,"A fly buzzing, a frog croaking with musical sounds, and cricket chirps"
105784,Dog yapping and panting,Dog yapping and panting along with the sound of a squeaky toy being chewed
106734,An aircraft engine running as a crowd of people talk in the background,An aircraft engine running as a crowd of people talk in the background with a distant ship horn heard
105584,Continuous snoring,Continuous snoring accompanied by the gentle ticking of a wall clock
102849,Birds chirp as an object strikes a surface,Birds chirp as an object strikes a surface while distant church bells ring
102919,Several church bells ringing,Several church bells ringing with a low distant rumble of thunder
102741,'An engine with people speaking and a horse neighing,"An engine with people speaking, a horse neighing, and metal tools clinking"
104306,A man talks as an engine idles loudly,A man talks as an engine idles loudly while a dog barks in the distance
107270,A person breathing heavily then sneezing,"A person breathing heavily then sneezing, with the sound of crumpling paper"
103791,Wind blowing and people speaking with distant humming,Wind blowing and people speaking with distant humming and seagulls calling
107016,A kid crying followed by a man talking,"A kid crying, footsteps walking on a wooden floor, followed by a man talking"
104628,A man shouting and hollering as ducks quack and chirp while wind blows into a microphone,"A man shouting and hollering as ducks quack and chirp while wind blows into a microphone, with a dog barking excitedly in the background"
104650,"A woman speaks, then a phone chimes, then there is a burp followed by laughter","A woman speaks, then a phone chimes, then there is a burp followed by laughter, and finally a door shuts"
107052,"People are whispering, and a horn sounds followed by laughter","People are whispering while soft cups clink, and a horn sounds followed by laughter"
106112,Rain noise on surface as men are speaking,"Rain noise on surface as men are speaking, with a steady, low hum of a distant generator in the background"
7769,Train is moving followed by a train horn,Train is moving followed by a train horn with passengers speaking quietly in the background
105186,Water is running followed by a gurgling sound.,"Water is running followed by a gurgling sound, and a gentle knock on a wooden door is heard"
105306,A man speaks with others speaking in the distance followed by a girl speaking and others laughing,"A man speaks accompanied by the sound of a coffee machine steaming, with others speaking in the distance followed by a girl speaking and others laughing"
104684,A man talking as metal clanks together followed by footsteps on grass while insects buzz in the background,"A man talking as metal clanks together followed by footsteps on grass while insects buzz in the background, with a dog panting nearby"
106572,"People are speaking while an engine is running, and an emergency vehicle sounds horn","People are speaking while an engine is running, an emergency vehicle sounds horn, and high heels click on the pavement"
11642,Man speaking continuously with hissing in the background,Man speaking continuously with hissing and the sound of pages being turned quickly in the background
103626,Waves are crashing as the wind blows heavily,"Waves are crashing as the wind blows heavily with a deep, rolling thunder rumble"
103600,A man talking as water splashes and wind blows heavily into a microphone,"A man talking as water splashes and wind blows heavily into a microphone, accompanied by the rhythmic squeaking of a rowboat's oarlock"
105172,A frog chirping as a woman talks over an intercom and water splashes in the background followed by wood falling on a hard surface,"A frog chirping as a woman talks over an intercom, with a soft shortwave radio crackle and water splashing in the background followed by wood falling on a hard surface"
106784,A person whistles as wind blows into a microphone and a crowd of people talk in the background,"A person whistles, footsteps crunch on gravel as wind blows into a microphone, and a crowd of people talk in the background"
103772,A cat meowing as a person makes kissing noises followed by a guy chuckling,"A cat meowing as a person makes kissing noises, followed by a guy chuckling, and a plate being placed on a wooden table"
104550,Wood sawing as pigeons coo and bird wings flap followed by a woman speaking,"Wood sawing as pigeons coo and bird wings flap, with the faint chiming of a distant bell, followed by a woman speaking"
107415,An airplane engine revving then running,"An airplane engine revving then running, with a distant police siren rising and then fading away"
106487,White noise continues then something begins clicking,"White noise continues, then something begins clicking, with distant crackling thunder"
106468,Ducks quacking and birds tweeting as a crowd of people talk while a rooster crows in the background,"Ducks quacking and birds tweeting as a crowd of people talk while a rooster crows in the background, with a bicycle bell ringing"
106050,A dog barks along with outdoor noises,"A dog barks along with outdoor noises, while light rain begins to fall"
103148,"White noise followed by brief, muffled speech and rustling","White noise accompanied by gentle, steady rainfall, followed by brief, muffled speech and rustling"
103477,Clip-clops gallop as the wind blows and thunder cracks,"Clip-clops gallop as the wind blows and thunder cracks, with a distant church bell chiming"
103771,A man talking as music is playing followed by a frog croaking,"A man talking as music is playing, followed by a frog croaking, with the hum of a distant washing machine"
106845,A man speaks as a machine hums quietly and then increases in volume,"A man speaks as a machine hums quietly and then increases in volume, while a printer outputs paper at a steady pace"
106399,A race car engine hums in the distance as wind blows into a microphone and a crowd of people talk followed by a race car speeding by,"A race car engine hums in the distance as wind blows into a microphone, a starting pistol fires, and then a crowd of people talk followed by a race car speeding by"
105843,A vehicle is running followed by the horn honking,"A vehicle is running on a wet road followed by the horn honking, with the rhythmic sound of windshield wipers in the background"
107136,Whistling as a man speaks,"A man speaks as he softly whistles, accompanied by the crisp sound of a page being turned"
106145,A man yelling followed by an infant crying then a woman shouting as a crowd of people talk and laugh,"A man yelling followed by an infant crying then a woman shouting as a crowd of people talk and laugh, with a distant siren wailing"
104058,'An insect buzzing as hollow wood clanks twice followed by a person gulping and a frog croaking proceeded by another insect buzzing and guitar music begins playing,"An insect buzzing as hollow wood clanks twice followed by a person gulping and a frog croaking proceeded by another insect buzzing and guitar music begins playing, with a gentle, distant rain shower in the background"
104074,A ringing of a siren with passing traffic,A rhythmic marching drum beat plays in the background as a siren rings and traffic passes
107252,A truck engine running followed by a truck horn honking,"A truck engine running, followed by a truck door slamming shut, and then a truck horn honking"
106813,"Birds chirp in the distance and a man speaks, and walks through the grass","Birds chirp in the distance and a man speaks, and walks through the grass, with a dog barking in close proximity"
105493,A horn honking several times,A horn honking several times under a heavy rainstorm
106323,A motorboat drives in the distance as people talk and rap music plays in the background,"A motorboat drives in the distance as people talk and rap music plays in the background, with gentle waves lapping against the shore"
102837,A man speaks with wind blowing and leaves rustling,"A man speaks with wind blowing, leaves rustling, and a train passing in the distance"
104787,A woman speaks with some rustling and crinkling of plastic,"A woman speaks with some rustling and crinkling of plastic, accompanied by the rhythmic typing on a mechanical keyboard"
105959,An idle helicopter engine running as birds chirp in the background,An idle helicopter engine running as birds chirp in the background and a distant siren grows increasingly loud
104408,Digital beeping with a horn honking twice,Digital beeping with a horn honking twice over the steady hum of distant highway traffic
106448,A person groaning followed by a series of gunshots and a high-pitched grunt then synthesized laser effects as music plays in the background,"A person groaning followed by a series of gunshots and a high-pitched grunt, then the sound of glass breaking as synthesized laser effects play with background music"
106721,A woman speaks with some rustling and hissing,"A woman speaks with some rustling and hissing, while a pencil writes on paper"
103965,Running footsteps followed by spraying noise,"Running footsteps followed by spraying noise, succeeded by ambient office chatter"
105341,"A repeated whistling sound and a small child babbling, followed by a man talking","A repeated whistling sound and a small child babbling, followed by a man talking, with gentle water bubbling in the background"
103014,A man talking followed by a goat baaing as wind lightly blows into a microphone followed by a crow cawing in the distance,"A man talking followed by a goat baaing as wind lightly blows into a microphone, accompanied by faint wooden chimes tinkling, followed by a crow cawing in the distance"
106801,An infant crying with another infant crying in the background followed by a woman speaking,"An infant crying with another infant crying in the background, a mobile chiming softly, followed by a woman speaking"
107354,Male speech and wind blowing hard over microphone,"Male speech and wind blowing hard over microphone, accompanied by a distant church bell ringing steadily"
106647,A rattling motor slowly comes to a stop,A rattling motor slowly comes to a stop accompanied by a gentle tapping of cooling metal
104657,Horses growl and clop hooves,Horses growl and clop hooves with the soft chirping of crickets in the night
104538,Water trickles down continuously,Water trickles down continuously as a distant rumble of thunder echoes
102771,Wood clacking and scrapping as bells chime while a muffled clock ticks,"Wood clacking and scrapping as small bells chime while a muffled clock ticks, with distant echoing church bells in the background"
107427,"Rain is splashing on a surface while rustling occurs and a car door shuts, and traffic is discernible in the distance","Rain is splashing on a surface while rustling occurs and a car door shuts, and traffic is discernible in the distance, with the hurried splash of footsteps through a puddle"
102801,A child speaks followed by scrubbing and spitting,"A child speaks with a dog barking, followed by scrubbing and spitting"
106238,Female and male are having conversation,Female and male are having conversation while wind chimes gently sway in the background
103960,A sprayer is emitting liquids with a loud whooshing noise,"A sprayer is emitting liquids with a loud whooshing noise, while distant traffic passes by in the background"
105856,Whistling and then a female singing,"A gentle wind blows, a person whistles, and then a woman sings"
104595,Food and oil sizzling followed by oil popping then steam hissing as a man talks and light music plays in the background,"A knife chopping vegetables, food and oil sizzling followed by oil popping then steam hissing as a man talks and light music plays in the background"
103499,A man talking as an infant is crying followed by a man humming,"A man talking as an infant is crying followed by a man humming, with a toy rattle being shaken in the background"
106408,A woman speaking very quickly,A woman speaking very quickly with a kettle whistling in the background
106134,A vehicle engine idles and birds chirp in the background,"A vehicle engine idles, birds chirp in the background, and a car door opens and closes"
105588,Two woman speaking then a baby crying,"Two women speaking, followed by a baby crying, with a cat meowing softly in the background"
105835,An idle helicopter engine running,An idle helicopter engine running with distant rumbling thunder
103465,Electronic laser blasts and explosions followed by a deep-voiced man talking while a man commentates followed by a woman chuckling,"Electronic laser blasts and explosions, the sound of an electric shield powering up and a burst of static electricity, followed by a deep-voiced man talking while a man commentates, followed by a woman chuckling"
105102,A man talking as a metal thumps followed by a power tool sanding as a metal pot clanks,"A man talking as a metal thumps followed by a power tool sanding as a metal pot clanks, with water dripping steadily into a container"
105876,Buzzing sound moving nearer and further,"Buzzing sound moving nearer and further with a distant, tolling bell"
104498,A jackhammer operating then slowing down before operating at a normal rate again,"A jackhammer operating, then a construction whistle blowing twice, followed by the jackhammer slowing down before operating at a normal rate again"
106222,"A woman is speaking, and a child speaks","A woman is speaking, a child speaks, and a window closes softly"
104506,A vehicle engine accelerating as plastic rattles and wind blows into a microphone,"A vehicle engine accelerating, plastic rattling, and wind blowing into a microphone, with windshield wipers swishing back and forth"
107055,"Metal clattering and rattling is ongoing, along with brief hissing, while many people talk in the background","Metal clattering and rattling is ongoing, along with brief hissing, while many people talk in the background. The clear ringing of a brass bell is heard regularly"
106335,"Wind noise while a water vehicle is traveling across water, and a man talks","Wind noise while a water vehicle is traveling across water, a man talks, and seagulls call"
105960,A bus engine slowing down then accelerating,"A bus engine slowing down accompanied by a hiss of air brakes, then accelerating"
104892,Leaves rustling in the wind with dogs barking and birds chirping,"Leaves rustling in the wind with dogs barking and birds chirping, while a distant church bell rings"
107396,A distant engine hums and gets louder as it approaches with squealing tires,A distant engine hums and gets louder as it approaches with squealing tires and slamming doors
103383,A man talking as a man is snoring,"A man talking as a man is snoring in a room with a quiet, ticking wall clock"
104475,Female speech followed by a thumping noise,Female speech followed by the sound of a door creaking open and then a thumping noise
103006,A man speaking softly,A man speaking softly with a single wind chime ringing in the background
104855,A man speaks with a small motor buzzing and wind blowing,"A man speaks with a small motor buzzing, wind blowing, and a faint sound of light rain falling"
104757,Motorcycle engine running,A motorcycle engine running as light rain falls
103951,A baby and a woman laugh,"A baby and a woman laugh, with a spoon clinking against a ceramic bowl"
107093,Hissing and clinking,"Hissing, clinking, and a deep rumble of a distant subway train passing"
105988,A vehicle horn is repeatedly tooting followed by a passing engine rumble,"A vehicle horn is repeatedly tooting followed by a passing engine rumble, with a distant siren wailing in the background"
105731,A object is hitting a surface followed by a loud boom,"An object is hitting a surface, creating a brief metallic rattle, followed by a loud boom"
106384,Footsteps are followed by oinking and then a squeal,"Footsteps are followed by oinking and then a squeal, with a gentle breeze rustling through some tall grass"
105617,Sizzling and a female speaking,"Sizzling, a female speaking, and a telephone ringing in the background"
106551,An emergency vehicle has the siren on,"An emergency vehicle has the siren on, with a helicopter passing in the background"
106777,Insects buzzing followed by plastic camera muffling and a kid speaking then footsteps walking on foliage,"Insects buzzing followed by plastic camera muffling and a kid speaking then footsteps walking on foliage, with a distant thunder rumble"
106827,A man speaks followed by a child crying and then a woman speaking,"A man speaks followed by a child crying, then a phone vibrates on a wooden table and a woman speaks"
104934,A person breathes heavily and sneezes,"A person breathes heavily and sneezes, followed by the faint sound of a window creaking open"
103878,A distorted gasping followed by footsteps walking on a hard surface and people grunting while a beating sounds in the background as a series of gunshots fire,"A distorted gasping followed by footsteps walking on a hard surface and people grunting while a beating sounds in the background as a series of gunshots fire, accompanied by a heavy metallic door creaking open"
103594,Humming and vibrations of a vehicle speeding past and into the distance,"Humming and vibrations of a vehicle speeding past and into the distance, accompanied by the sound of a car horn"
106668,Wind blowing and water splashing,"Wind blowing, water splashing, and distant thunder rumbling in the background"
106727,Frogs croaking together with a man speaking followed by rustling,"Frogs croaking together with a man speaking followed by rustling, while a distant thunderstorm brings rainfall in the background"
104670,"Metal clinks five times, a coin drops, knocking on glass occurs, a coin drops again, and a small child speaks","Metal clinks five times, a coin drops, knocking on glass occurs, a coin drops again, a mechanical cash register closes, and a small child speaks"
105127,"Snoring is ongoing, while an adult female laughs and an adult male speaks","An adult female laughs, an adult male speaks, snoring is ongoing, and bed sheets rustle softly"
105444,A sewing machine operating several times followed by metal clanking,"A sewing machine operating several times followed by metal clanking, with the sound of soft, steady breathing"
104047,A man speaks with distant birds chirping and a small loud chirp,"A man speaks with distant birds chirping, a small loud chirp, and a small group of children laughing in the background"
104090,A television plays in the distant background and then a sewing machine starts up,"A television plays in the distant background and then a sewing machine starts up, accompanied by a telephone ringing nearby"
106576,A stream of water flowing as the wind blows,A stream of water flowing as the wind blows and a chirping cricket
103012,A clock ticks with breathing in the background,"A clock ticks with breathing in the background, accompanied by the faint hum of distant city traffic"
104008,A woman speaks with some clicks and then hissing,"A woman speaks with some clicks, hissing, and a background hum of distant electricity"
103407,Some light banging followed by water splashing,Some light banging followed by water splashing and a dripping faucet
106042,A man talking as water splashes and gurgles and a motor engine hums in the background,"A man talking as water splashes and gurgles and a motor engine hums in the background, with a dog panting excitedly nearby"
104323,Horses trotting while wood clanks several times as a woman talks and birds chirp in the background alongside wind blowing into a microphone,"Horses trotting while wood clanks several times as a woman talks and birds chirp in the background alongside wind blowing into a microphone, with a leather saddle rhythmically creaking"
106393,A toilet is flushing followed by a cat meowing,"A toilet flushing, the sound of water running in a sink, followed by a cat meowing"
104667,An adult female is speaking in a quiet environment,An adult female is speaking gently in a quiet indoor environment as rain patters softly against the window
103585,Rain pouring on a hard surface as a vehicle drives by while water splashes in the background,"Rain pouring on a hard surface as a vehicle drives by while water splashes in the background, with the rhythmic noise of windshield wipers in motion"
103546,"An engine rumbles loudly, then an air horn honk three times","An engine rumbles loudly, then an air horn honks three times, followed by the sound of screeching tires"
103846,A man talks in the distance followed by several vehicles driving and accelerating,"A man talks in the distance followed by several vehicles driving and accelerating, with a continuous low rumble of a distant airplane engine in the background"
107356,A bleeping noise followed by a loud object in use,"A bleeping noise, the sound of a door opening, and then a loud object in use"
24352,Multiple gun shots woman screaming,Multiple gun shots woman screaming with heavy boots running towards the scene
103569,Low scratching groaning,Low scratching groaning with distant mechanical clanking
105557,Laughing and a motor running with birds chirping,Laughing and a motor running with birds chirping while a stream of water flows steadily in the background
105255,Humming followed by a woman speaking and slow clicks of a sewing machine,"Humming followed by a woman speaking, slow clicks of a sewing machine, and soft, rhythmic fabric rustling"
103712,Pigeons cooing and bird wings flapping during light scrapping on a metal surface while a construction machine operates in the background,Pigeons cooing and bird wings flapping during light scrapping on a metal surface while a construction machine operates in the background with a faint radio conversation about a construction delay audible
102972,A man speaking as birds chirp in the background,A man speaking as birds chirp and a car drives by in the background
105605,Man talking and a tapping clicking,Man talking and a tapping clicking with the subtle hum and whir of an oscillating desk fan in the background
105523,Plastic crinkling as a young girl is talking,Plastic crinkling and gentle wind while a young girl is talking
105160,A man is talking as water is running along with tapping noises,A man is talking as water is running along with tapping noises and pages turning
104600,A man talks in the background while a vehicle engine revs as tires skid then accelerates,A man talks in the background while a vehicle engine revs. A sudden car honk is heard as tires skid then the vehicle accelerates
104938,An electronic device buzzing followed by paper tearing and then crumpling as a bell rings before a toilet flushes,"An electronic device buzzing followed by paper tearing and then crumpling as a bell rings, then the sound of a metal drawer sliding shut before a toilet flushes"
106357,A loud distorted belch followed by a series of burping,"A loud distorted belch followed by a series of burping, and a glass mug placed heavily on a wooden counter"
103914,"A woman speaking, followed by a child yelling","A woman speaking, followed by a child yelling, and then the loud beeping of a microwave"
106762,A person snoring at a rhythmic pace,The steady tick of a wall clock in a room where a person is snoring at a rhythmic pace
107209,A crowd of people talking followed by a vehicle engine revving then tires skidding,"A crowd of people talking followed by a vehicle engine revving then tires skidding, with a car horn sounding twice"
105116,A man talking while a saw is running,A man talking while a saw is running and a car engine starts
106203,Dog whimpering and barking together with rustling,"Dog whimpering and barking together with rustling, and a window shutter rattling"
105315,A man speaks followed by a vehicle revving,"A man speaks followed by a vehicle revving, with a dog barking"
105412,Person singing a long note and birds chirping,"A soaring vocal held by a person, accompanied by birds twittering and a distant airplane rumble"
106933,Pigeons cooing and bird wings flapping as footsteps shuffle on paper,"Pigeons cooing and bird wings flapping as footsteps shuffle on paper, with a distant church bell tolling"
105008,Singing and music with faint gunshots,Singing and music with faint gunshots and a distant rolling thunderstorm
105524,Frogs croaking and a humming with insects vocalizing,"Frogs croaking and a humming with insects vocalizing, accompanied by the distinct sound of a car engine starting in the distance"
106569,A series of loud metal hammering as liquid drains down a pipe followed by a metal chain rattling,"A series of loud metal hammering as liquid drains down a pipe followed by a metal chain rattling, with the gentle hum of a ventilation system"
103859,Waves crashing onto shore followed by a man talking,"Waves crashing onto shore, children laughing and playing in the sand, followed by a man talking"
103272,High frequency vibrations with faint splashing,High frequency vibrations with faint splashing and a quiet electrical hum
107426,A man speaking as plastic is clanking followed by a door hatch opening and plastic tumbling with a vehicle engine revving in the background,A man speaking as plastic is clanking followed by a door hatch opening and plastic tumbling with a vehicle engine revving in the background and a dog barking
104741,A goat baaing normally before and after a goat screaming,"A goat baaing normally, followed by a loud clap of thunder, and then a goat screaming followed by more baaing"
107079,An electronic signal followed by compressed air releasing then an electronic bell playing as a train runs on tracks in the background,An electronic signal followed by compressed air releasing then an electronic bell playing as a train runs on tracks in the background with a conductor shouting 'All aboard!'
102895,A man speaking while water is spraying into a sink and draining,"A man speaking while water is spraying into a sink and draining, as a distant phone rings"
103507,A vehicle struggling to start with some clicks and whines,A car door opening followed by a vehicle struggling to start with some clicks and whines
105211,A click occurs and then a woman speaks followed by a sewing machine stitching,"A click occurs and then a woman speaks, followed by scissors cutting fabric and a sewing machine stitching"
104161,Humming of a distant jet engine passing,"Humming of a distant jet engine passing, with a gusty wind blowing in the background"
3628,A car engine is revving while driving,"A car engine is revving while driving, and tires screech on asphalt as the car takes a turn"
105234,A man speaks while water slaps on a surface,A man speaks while water slaps on a surface as rain falls gently in the background
102757,A series of compressed air spraying as a motor hums in the background,A series of compressed air spraying as a motor hums in the background accompanied by the clanging of tools being adjusted
107392,"A flush occurs and suctioned water splashes and gurgles, while music plays in the background","A flush occurs and suctioned water splashes and gurgles, while music plays in the background, and a person clears their throat"
106345,Some cars passing by with people murmuring in the distance,"Some cars passing by with people murmuring in the distance, and a faint gentle wind rustling through nearby trees"
103073,Several church bells ringing,Several church bells ringing with a choir singing in the background
104561,Police sirens going off,Police sirens going off and a crowd shouting
106034,A train emits the steam whistle sound with a hissing noise,"A train emits the steam whistle sound with a hissing noise, accompanied by a steady background hum of the train engine"
106025,A whistling and then an explosion and crackling,"A whistling, then crunching footsteps, an explosion, and crackling"
106303,A man talking as a vehicle engine is running and wind is blowing into a microphone,"A man talking as a vehicle engine is running, wind is blowing into a microphone, and street traffic passes by"
103948,Rubbing occurs while the electric motor runs,"An electric motor runs with a persistent rubbing sound as it operates, accompanied by the low, steady hum of an idling machine"
106902,A metal clack followed by a horse neighing as gusts of wind blow and birds chirp in the background,"A metal clack followed by a horse neighing as gusts of wind blow and birds chirp in the background, with wooden wagon wheels slowly rolling on a dirt path"
106972,"A blaring siren from a vehicle passes by, then echoes and fades into the distance","A blaring siren from a vehicle passes by, then echoes and fades into the distance, accompanied by a distant, rhythmic bass drum thumping"
107189,A man snoring with children speaking in the distance and a woman speaking nearby,"A man snoring with children speaking in the distance, a woman speaking nearby, and the quiet tapping of a dog's nails on a hardwood floor"
106055,Male speech and then a burp,"Male speech, then a burp, followed by a subtle clock ticking"
105292,High pitches squealing and a horn blowing with constant humming of an engine,"Banging of a hammer on metal, high pitches squealing and a horn blowing with constant humming of an engine"
104045,A girl speaks with some rustling of grass and a distant bird chirping,"A girl speaks with some rustling of grass, a distant bird chirping, and light wind blowing through foliage"
